{
   "pitch_raw" : {
      "11" : 0.00878829333333333,
      "-9" : 0.02426302,
      "-6" : 0.0341623466666667,
      "7" : 0.0412075466666667,
      "2" : 0.09027758,
      "-7" : 0.0403700333333333,
      "1" : 0.05631462,
      "0" : 0.10809468,
      "-3" : 0.0551818733333333,
      "6" : 0.0344953933333333,
      "-5" : 0.0515791533333333,
      "3" : 0.0556119866666667,
      "-4" : 0.0619088533333333,
      "9" : 0.0246899533333333,
      "8" : 0.0155621066666667,
      "4" : 0.0622927266666667,
      "-10" : 0.00631105333333333,
      "-2" : 0.0901249866666667,
      "10" : 0.00645428,
      "-8" : 0.0151253266666667,
      "-11" : 0.00865868666666667,
      "-1" : 0.05610832,
      "5" : 0.05241718
   },
   "pitch_abs" : {
      "6" : 0.06865774,
      "11" : 0.01744698,
      "3" : 0.11079386,
      "7" : 0.08157758,
      "9" : 0.0489529733333333,
      "2" : 0.180402566666667,
      "8" : 0.0306874333333333,
      "4" : 0.12420158,
      "1" : 0.11242294,
      "0" : 0.10809468,
      "10" : 0.0127653333333333,
      "5" : 0.103996333333333
   },
   "class_raw" : {
      "6" : 0.0344953933333333,
      "-5" : 0.0919491866666667,
      "3" : 0.08030194,
      "-6" : 0.0341623466666667,
      "-4" : 0.07703418,
      "2" : 0.09673186,
      "1" : 0.0651029133333333,
      "4" : 0.0778548333333333,
      "0" : 0.10809468,
      "-2" : 0.09643604,
      "-3" : 0.0794448933333333,
      "-1" : 0.0647670066666667,
      "5" : 0.0936247266666667
   },
   "class_abs" : {
      "6" : 0.06865774,
      "1" : 0.12986992,
      "4" : 0.154889013333333,
      "0" : 0.10809468,
      "3" : 0.159746833333333,
      "2" : 0.1931679,
      "5" : 0.185573913333333
   }
}
